{"timestamp": 1709692482.9814446, "angle_min": -3.1241390705108643, "angle_max": 3.1415927410125732, "angle_increment": 0.008714509196579456, "ranges": [0.13500000536441803, 0.13500000536441803, 0.13500000536441803, 0.13500000536441803, 0.13500000536441803, 0.13500000536441803, 0.13500000536441803, 0.13600000739097595, 0.13500000536441803, 0.13600000739097595, 0.13600000739097595, 0.13600000739097595, 0.13600000739097595, 0.13600000739097595, 0.13699999451637268, 0.13699999451637268, 0.13699999451637268, 0.1379999965429306, 0.1379999965429306, 0.13899999856948853, 0.13899999856948853, 0.13899999856948853, 0.14000000059604645, 0.14100000262260437, 0.1420000046491623, 0.14300000667572021, 0.14300000667572021, 0.14399999380111694, 0.14499999582767487, 0.1459999978542328, 0.1469999998807907, 0.14800000190734863, 0.14900000393390656, 0.15000000596046448, 0.1509999930858612, 0.15199999511241913, 0.15399999916553497, 0.1550000011920929, 0.1550000011920929, 0.15700000524520874, 0.15800000727176666, 0.1589999943971634, 0.16099999845027924, 0.16200000047683716, 0.16300000250339508, 0.164000004529953, 0.16699999570846558, 0.1679999977350235, 0.16899999976158142, 0.17100000381469727, 0.1720000058412552, 0.17399999499320984, 0.17599999904632568, 0.1770000010728836, 0.17900000512599945, 0.18199999630451202, 0.18299999833106995, 0.1850000023841858, 0.1860000044107437, 0.1899999976158142, 0.19200000166893005, 0.19499999284744263, 0.1979999989271164, 0.20000000298023224, 0.20900000631809235, 0.21400000154972076, 0.21899999678134918, 0.2240000069141388, 0.23000000417232513, 0.23399999737739563, 0.23800000548362732, 0.24199999868869781, 0.24699999392032623, 0.25099998712539673, Infinity, Infinity, 0.22100000083446503, 0.22100000083446503, Infinity, Infinity, 0.22200000286102295, 0.22200000286102295, 0.2160000056028366, 0.21199999749660492, 0.20800000429153442, 0.2070000022649765, 0.2029999941587448, 0.20100000500679016, 0.19699999690055847, 0.1940000057220459, 0.19099999964237213, 0.1899999976158142, 0.18799999356269836, 0.1860000044107437, 0.1850000023841858, 0.18400000035762787, 0.18199999630451202, 0.18000000715255737, 0.17900000512599945, 0.17800000309944153, 0.17800000309944153, 0.1770000010728836, 0.1770000010728836, 0.1770000010728836, 0.17599999904632568, 0.17499999701976776, 0.17499999701976776, 0.17499999701976776, 0.17499999701976776, 0.17499999701976776, 0.17499999701976776, 0.17599999904632568, 0.17599999904632568, 0.1770000010728836, 0.17800000309944153, 0.17900000512599945, 0.1809999942779541, 0.18199999630451202, 0.18400000035762787, 0.1860000044107437, 0.1889999955892563, 0.19200000166893005, Infinity, Infinity, Infinity, Infinity, Infinity, Infinity, Infinity, Infinity, Infinity, Infinity, Infinity, Infinity, Infinity, 3.200000047683716, 3.200000047683716, 3.171999931335449, 3.171999931335449, 3.140000104904175, 3.1760001182556152, 3.2039999961853027, 2.25600004196167, 2.25600004196167, 2.247999906539917, 2.247999906539917, 2.25600004196167, 2.24399995803833, 2.2799999713897705, 2.3480000495910645, 2.371999979019165, 2.375999927520752, 2.359999895095825, 2.375999927520752, 2.4040000438690186, 2.4800000190734863, 2.503999948501587, Infinity, Infinity, Infinity, 3.128000020980835, 3.128000020980835, 3.191999912261963, 3.191999912261963, 6.239999771118164, 6.239999771118164, 6.191999912261963, 6.127999782562256, 6.0879998207092285, 6.056000232696533, 5.0, 5.0, 4.9039998054504395, 4.888000011444092, 4.888000011444092, 4.888000011444092, 4.927999973297119, Infinity, 5.736000061035156, 5.736000061035156, 7.5920000076293945, 6.168000221252441, 7.535999774932861, 7.535999774932861, 7.5279998779296875, 7.504000186920166, 7.4720001220703125, 7.624000072479248, 7.519999980926514, 7.48799991607666, 5.920000076293945, 5.920000076293945, Infinity, 1.9539999961853027, 1.9539999961853027, 1.9479999542236328, 1.9479999542236328, 1.9459999799728394, 1.944000005722046, 1.944000005722046, 1.944000005722046, 1.9359999895095825, 1.934000015258789, 1.9259999990463257, 1.9259999990463257, 1.9759999513626099, 1.9759999513626099, 1.9759999513626099, 5.624000072479248, 5.607999801635742, 5.607999801635742, 5.71999979019165, 5.71999979019165, 6.863999843597412, 6.863999843597412, 6.863999843597412, 6.863999843597412, 6.863999843597412, 6.808000087738037, Infinity, Infinity, Infinity, Infinity, Infinity, 2.063999891281128, 2.063999891281128, 2.0759999752044678, 2.0759999752044678, 2.0759999752044678, 2.0880000591278076, 2.0840001106262207, 2.0880000591278076, 2.0999999046325684, 2.6480000019073486, 2.6480000019073486, 2.635999917984009, 2.624000072479248, 1.9600000381469727, 1.940000057220459, 1.940000057220459, 1.944000005722046, 1.9459999799728394, 1.9520000219345093, 1.9520000219345093, 1.9620000123977661, 1.9639999866485596, 1.9700000286102295, Infinity, Infinity, 1.8880000114440918, 1.8880000114440918, 1.8860000371932983, 1.8899999856948853, 1.9019999504089355, 1.906000018119812, 1.9199999570846558, 1.9240000247955322, 1.9259999990463257, 1.9279999732971191, 1.9459999799728394, 1.9500000476837158, 1.9539999961853027, 1.968000054359436, 1.972000002861023, 1.9759999513626099, 1.9780000448226929, 1.99399995803833, 2.002000093460083, 2.0, 2.00600004196167, 2.0199999809265137, 2.0339999198913574, 2.0339999198913574, 2.0399999618530273, 2.055999994277954, 2.063999891281128, 2.072000026702881, 2.0799999237060547, 2.0999999046325684, 2.0999999046325684, 2.115999937057495, 2.1440000534057617, 2.1480000019073486, 2.1519999504089355, 2.1640000343322754, 2.180000066757202, 2.187999963760376, 2.196000099182129, 2.2119998931884766, 2.2239999771118164, 2.240000009536743, 2.259999990463257, 2.2799999713897705, 2.2920000553131104, 2.2920000553131104, 2.3320000171661377, 2.3440001010894775, 2.3559999465942383, 2.3559999465942383, 2.4000000953674316, 2.3959999084472656, 2.427999973297119, 2.4519999027252197, 2.4560000896453857, 2.4800000190734863, 2.503999948501587, 2.5239999294281006, 2.5399999618530273, 2.5759999752044678, 2.5999999046325684, 2.628000020980835, 2.635999917984009, 2.680000066757202, 2.696000099182129, 2.7320001125335693, 2.7360000610351562, 2.7920000553131104, 2.808000087738037, 2.8519999980926514, 2.871999979019165, 2.9119999408721924, 2.927999973297119, 2.9800000190734863, 3.0, 3.0399999618530273, 3.068000078201294, 3.119999885559082, 3.140000104904175, 3.2079999446868896, 3.2320001125335693, 3.2679998874664307, 3.2839999198913574, 3.371999979019165, 3.4119999408721924, 3.4519999027252197, 3.51200008392334, 3.9760000705718994, 3.9760000705718994, Infinity, Infinity, 4.335999965667725, 4.335999965667725, Infinity, Infinity, Infinity, Infinity, Infinity, Infinity, 5.007999897003174, 5.007999897003174, 4.984000205993652, 4.984000205993652, 4.960000038146973, 4.943999767303467, 4.935999870300293, Infinity, 5.776000022888184, 5.776000022888184, 5.831999778747559, 5.855999946594238, 5.863999843597412, 5.831999778747559, 5.895999908447266, 6.1519999504089355, 6.28000020980835, 6.535999774932861, 6.631999969482422, 6.935999870300293, 7.248000144958496, 7.383999824523926, 7.728000164031982, 8.48799991607666, 8.807999610900879, 8.807999610900879, 9.239999771118164, 9.239999771118164, 12.303999900817871, 12.303999900817871, 12.479999542236328, 12.527999877929688, 12.416000366210938, Infinity, 16.719999313354492, 16.719999313354492, 16.687999725341797, 16.687999725341797, 16.736000061035156, 16.576000213623047, 16.687999725341797, 16.624000549316406, 20.959999084472656, 20.92799949645996, 20.92799949645996, 21.055999755859375, 20.92799949645996, 21.1200008392334, 21.18400001525879, 21.29599952697754, 21.312000274658203, 21.055999755859375, Infinity, Infinity, Infinity, 6.136000156402588, 6.136000156402588, 5.047999858856201, 5.015999794006348, 4.9679999351501465, 4.992000102996826, 4.992000102996826, 5.74399995803833, 5.072000026702881, 5.072000026702881, 6.0960001945495605, 6.0960001945495605, 6.144000053405762, 3.3559999465942383, 3.3559999465942383, 3.3480000495910645, 