{"timestamp": 1709692486.6668305, "angle_min": -3.1241390705108643, "angle_max": 3.1415927410125732, "angle_increment": 0.008714509196579456, "ranges": [0.12399999797344208, 0.12399999797344208, 0.12399999797344208, 0.12399999797344208, 0.125, 0.125, 0.125, 0.125, 0.12600000202655792, 0.12600000202655792, 0.12700000405311584, 0.12700000405311584, 0.12700000405311584, 0.12800000607967377, 0.12800000607967377, 0.1289999932050705, 0.1289999932050705, 0.12999999523162842, 0.13099999725818634, 0.13199999928474426, 0.13300000131130219, 0.1340000033378601, 0.1340000033378601, 0.13500000536441803, 0.13699999451637268, 0.13699999451637268, 0.1379999965429306, 0.14000000059604645, 0.14100000262260437, 0.14100000262260437, 0.14300000667572021, 0.14399999380111694, 0.14499999582767487, 0.1459999978542328, 0.1469999998807907, 0.14800000190734863, 0.15000000596046448, 0.1509999930858612, 0.15199999511241913, 0.15299999713897705, 0.15399999916553497, 0.1550000011920929, 0.15600000321865082, 0.15800000727176666, 0.15800000727176666, 0.16099999845027924, 0.16200000047683716, 0.16200000047683716, 0.16300000250339508, 0.16599999368190765, 0.16699999570846558, 0.1679999977350235, 0.17000000178813934, 0.17100000381469727, 0.1720000058412552, 0.17399999499320984, 0.17499999701976776, 0.17599999904632568, 0.17900000512599945, 0.1809999942779541, 0.18299999833106995, 0.1850000023841858, 0.18799999356269836, 0.1899999976158142, 0.19200000166893005, 0.1940000057220459, 0.20000000298023224, 0.20200000703334808, 0.20200000703334808, Infinity, 0.2639999985694885, 0.2639999985694885, 0.26600000262260437, 0.26600000262260437, 0.2680000066757202, Infinity, 0.2160000056028366, 0.2160000056028366, 0.21299999952316284, 0.21299999952316284, 0.20800000429153442, 0.2029999941587448, 0.20100000500679016, 0.19599999487400055, 0.19300000369548798, 0.19200000166893005, 0.1899999976158142, 0.1860000044107437, 0.1850000023841858, 0.18199999630451202, 0.18000000715255737, 0.17900000512599945, 0.17800000309944153, 0.1770000010728836, 0.17599999904632568, 0.17499999701976776, 0.17299999296665192, 0.1720000058412552, 0.17100000381469727, 0.17000000178813934, 0.16899999976158142, 0.16899999976158142, 0.16899999976158142, 0.16899999976158142, 0.16899999976158142, 0.1679999977350235, 0.1679999977350235, 0.1679999977350235, 0.1679999977350235, 0.1679999977350235, 0.16899999976158142, 0.16899999976158142, 0.17000000178813934, 0.17100000381469727, 0.1720000058412552, 0.1720000058412552, 0.17499999701976776, 0.17599999904632568, 0.1770000010728836, 0.1809999942779541, 0.1850000023841858, 0.18799999356269836, Infinity, Infinity, Infinity, Infinity, Infinity, Infinity, Infinity, Infinity, Infinity, Infinity, Infinity, Infinity, Infinity, Infinity, 2.492000102996826, 2.492000102996826, 2.4800000190734863, 2.4800000190734863, 2.447999954223633, 2.427999973297119, 2.4159998893737793, 2.384000062942505, 2.384000062942505, 2.4200000762939453, 2.4159998893737793, Infinity, Infinity, Infinity, Infinity, 6.144000053405762, 6.144000053405762, 5.48799991607666, Infinity, Infinity, 6.1519999504089355, 6.1519999504089355, 6.176000118255615, 6.216000080108643, 6.288000106811523, 6.328000068664551, 2.315999984741211, 2.315999984741211, 2.312000036239624, 2.299999952316284, 2.2920000553131104, 2.2839999198913574, 2.2720000743865967, 2.063999891281128, 2.063999891281128, 2.055999994277954, 2.052000045776367, 2.0439999103546143, 2.0299999713897705, 2.0239999294281006, 1.9079999923706055, 1.9019999504089355, 1.8880000114440918, 1.8940000534057617, 1.8940000534057617, 1.8880000114440918, 1.8860000371932983, 1.8819999694824219, 1.8760000467300415, 1.8660000562667847, 1.8619999885559082, 1.8559999465942383, 1.8539999723434448, 1.8459999561309814, 1.8420000076293945, 1.8359999656677246, 1.8339999914169312, 1.8320000171661377, 1.8240000009536743, 1.8220000267028809, 1.8200000524520874, 1.8179999589920044, 1.8179999589920044, 1.8140000104904175, 1.8040000200271606, 1.8079999685287476, 1.8020000457763672, 1.8040000200271606, 1.7999999523162842, 1.7960000038146973, 1.7940000295639038, 1.7920000553131104, 1.7860000133514404, 1.7860000133514404, 1.7899999618530273, 1.7860000133514404, 1.784000039100647, 1.7860000133514404, 1.784000039100647, 1.784000039100647, 1.7760000228881836, 1.777999997138977, 1.781999945640564, 1.7799999713897705, 1.7799999713897705, 1.781999945640564, 1.7799999713897705, 1.781999945640564, 1.7799999713897705, 1.781999945640564, 1.7799999713897705, 1.784000039100647, 1.781999945640564, 1.7799999713897705, 1.781999945640564, 1.7899999618530273, 1.7940000295639038, 1.7920000553131104, 1.7940000295639038, 1.7960000038146973, 1.7920000553131104, 1.7979999780654907, 1.805999994277954, 1.805999994277954, 1.812000036239624, 1.812000036239624, 1.8140000104904175, 1.8200000524520874, 1.8220000267028809, 1.8240000009536743, 1.8339999914169312, 1.8339999914169312, 1.8359999656677246, 1.8459999561309814, 1.8480000495910645, 1.8519999980926514, 1.8600000143051147, 1.8639999628067017, 1.8639999628067017, 1.8739999532699585, 1.8760000467300415, 1.8860000371932983, 1.8919999599456787, 1.8980000019073486, 1.899999976158142, 1.9079999923706055, 1.909999966621399, 1.9160000085830688, 1.9259999990463257, 1.9359999895095825, 1.9500000476837158, 1.9539999961853027, 1.9620000123977661, 1.965999960899353, 1.9759999513626099, 1.9780000448226929, 1.9900000095367432, 1.996000051498413, 2.0160000324249268, 2.0220000743865967, 2.0320000648498535, 2.0460000038146973, 2.0460000038146973, 2.052000045776367, 2.0759999752044678, 2.0880000591278076, 2.0840001106262207, 2.1080000400543213, 2.119999885559082, 2.131999969482422, 2.131999969482422, 2.1559998989105225, 2.1679999828338623, 2.1760001182556152, 2.187999963760376, 2.2119998931884766, 2.2160000801086426, 2.2320001125335693, 2.240000009536743, 2.2639999389648438, 2.2679998874664307, 2.2920000553131104, 2.312000036239624, 2.315999984741211, 2.3519999980926514, 2.3559999465942383, 2.375999927520752, 2.3959999084472656, 2.4159998893737793, 2.436000108718872, 2.4600000381469727, Infinity, 2.496000051498413, 2.496000051498413, 2.7880001068115234, 2.808000087738037, 2.8359999656677246, 2.864000082015991, 2.8919999599456787, Infinity, Infinity, Infinity, Infinity, Infinity, Infinity, Infinity, Infinity, Infinity, Infinity, Infinity, Infinity, Infinity, Infinity, Infinity, Infinity, Infinity, Infinity, Infinity, 7.144000053405762, 7.144000053405762, 3.828000068664551, 3.819999933242798, 3.819999933242798, 3.7920000553131104, 3.808000087738037, 3.7720000743865967, 3.75600004196167, 6.840000152587891, 6.840000152587891, 5.064000129699707, 5.064000129699707, 4.599999904632568, 4.607999801635742, 4.696000099182129, 4.728000164031982, 4.696000099182129, 4.671999931335449, 4.656000137329102, 4.688000202178955, 4.840000152587891, 4.9039998054504395, 4.992000102996826, 5.136000156402588, 5.303999900817871, 5.392000198364258, 5.576000213623047, 5.671999931335449, 5.863999843597412, 5.960000038146973, 6.184000015258789, 6.311999797821045, 6.535999774932861, 7.191999912261963, 7.383999824523926, 7.4720001220703125, 7.519999980926514, 7.576000213623047, 8.0, 8.392000198364258, Infinity, 11.13599967956543, 11.13599967956543, 11.079999923706055, 11.079999923706055, 11.088000297546387, 12.168000221252441, 15.359999656677246, 15.359999656677246, 15.35200023651123, 15.35200023651123, 15.343999862670898, 15.312000274658203, 15.32800006866455, 15.295999526977539, 15.223999977111816, Infinity, 19.408000946044922, 19.408000946044922, 19.29599952697754, 19.375999450683594, 19.392000198364258, 19.823999404907227, 19.856000900268555, 19.95199966430664, 20.0, 19.79199981689453, Infinity, Infinity, Infinity, 4.808000087738037, 4.808000087738037, 4.760000228881836, 4.760000228881836, 3.864000082015991, 3.799999952316284, 3.7639999389648438, 3.747999906539917, 3.7239999771118164, 3.7200000286102295, 3.7360000610351562, 4.8480000495910645, 4.863999843597412, Infinity, 3.7679998874664307, 3.7679998874664307, 